"url","title","description","content","reviewCount","langTag"
"https://www.etsy.com/uk/listing/1219903993/just-stop-oil-t-shirt-funny-tees","Just Stop Oil T-shirt Funny Tees","Find the perfect handmade gift, vintage &amp; on-trend clothes, unique jewellery, and more… lots more.","",399,"uk"
"https://www.etsy.com/uk/listing/897592562/flower-t-shirt-lotus-flower-shirt","Flower T-shirt, Lotus Flower Shirt, Minimalist Pattern, Minimalist Tee, Gift for Mom, Flower T-shirt, Flower Silhouette Tee, Mandala Shirt - Etsy UK","This Gender-Neutral Adult <strong>T</strong>-<strong>shirts</strong> item by JoysunDesigns has <strong>399</strong> favorites from Etsy shoppers. Ships from United States. Listed on 08 Nov, 2023","",399,"uk"
"https://www.etsy.com/uk/listing/684622834/introverted-but-willing-to-discuss-cats","Introverted but Willing to Discuss Cats Shirt Pet Animal Lover Owner or Rescue Gift Tshirt - Etsy UK","This Gender-Neutral Adult <strong>T</strong>-<strong>shirts</strong> item by DesignEclipse has <strong>399</strong> favorites from Etsy shoppers. Ships from United States. Listed on 10 Dec, 2023","",399,"uk"
"https://www.etsy.com/uk/listing/897387002/capitalism-review-shirt-anti-capitalist","Capitalism Review Shirt Anti Capitalist 1 Star Review Tshirt - Etsy UK","This Gender-Neutral Adult <strong>T</strong>-<strong>shirts</strong> item by FirstAmendmentMerch has <strong>399</strong> favorites from Etsy shoppers. Ships from United States. Listed on 18 Dec, 2022","",399,"uk"
"https://www.etsy.com/uk/listing/632372469/hand-printed-skim-is-a-scam-t-shirt","Hand Printed skim is a Scam T-shirt - Etsy UK","This Gender-Neutral Adult <strong>T</strong>-<strong>shirts</strong> item by SurdistDesigns has 21 favorites from Etsy shoppers. Ships from United States. Listed on 21 Aug, 2023","",399,"uk"
"https://www.etsy.com/uk/listing/1219903993/just-stop-oil-t-shirt-funny-tees","Just Stop Oil T-shirt Funny Tees","Find the perfect handmade gift, vintage &amp; on-trend clothes, unique jewellery, and more… lots more.","",400,"uk"
"https://www.etsy.com/uk/listing/1219903993/just-stop-oil-t-shirt-funny-tees","Just Stop Oil T-shirt Funny Tees","Find the perfect handmade gift, vintage &amp; on-trend clothes, unique jewellery, and more… lots more.","",401,"uk"
"https://www.etsy.com/uk/listing/1248274639/always-a-slut-for-equal-rights-baby-tee","Always a Slut for Equal Rights Baby Tee - Etsy UK","This Crop Tops item by TorisEmbroidery has <strong>401</strong> favorites from Etsy shoppers. Ships from United Kingdom. Listed on 21 Jan, 2024","",401,"uk"
"https://www.etsy.com/uk/listing/268423123/ew-people-t-shirt-tee-hipster-t-shirts","Ew People t-shirt tee // hipster t-shirts / hipster clothing / | Etsy","Find the perfect handmade gift, vintage &amp; on-trend clothes, unique jewellery, and more… lots more.","",401,"uk"
"https://www.etsy.com/uk/listing/632372469/hand-printed-skim-is-a-scam-t-shirt","Hand Printed skim is a Scam T-shirt - Etsy UK","This Gender-Neutral Adult <strong>T</strong>-<strong>shirts</strong> item by SurdistDesigns has 21 favorites from Etsy shoppers. Ships from United States. Listed on 21 Aug, 2023","",401,"uk"
"https://www.etsy.com/uk/listing/1219903993/just-stop-oil-t-shirt-funny-tees","Just Stop Oil T-shirt Funny Tees","Find the perfect handmade gift, vintage &amp; on-trend clothes, unique jewellery, and more… lots more.","",402,"uk"
"https://www.etsy.com/uk/listing/268423123/ew-people-t-shirt-tee-hipster-t-shirts","Ew People t-shirt tee // hipster t-shirts / hipster clothing / | Etsy","Find the perfect handmade gift, vintage &amp; on-trend clothes, unique jewellery, and more… lots more.","",402,"uk"
"https://www.etsy.com/uk/listing/834729759/button-covers-prevent-tiny-shirt-holes","Button Covers Prevent Tiny Shirt Holes - Etsy UK","This Buttons item by WhollyCoveredButtons has <strong>402</strong> favorites from Etsy shoppers. Ships from United States. Listed on 08 May, 2024","",402,"uk"
"https://www.etsy.com/uk/listing/632372469/hand-printed-skim-is-a-scam-t-shirt","Hand Printed skim is a Scam T-shirt - Etsy UK","This Gender-Neutral Adult <strong>T</strong>-<strong>shirts</strong> item by SurdistDesigns has 21 favorites from Etsy shoppers. Ships from United States. Listed on 21 Aug, 2023","",402,"uk"
"https://www.etsy.com/uk/listing/1219903993/just-stop-oil-t-shirt-funny-tees","Just Stop Oil T-shirt Funny Tees","Find the perfect handmade gift, vintage &amp; on-trend clothes, unique jewellery, and more… lots more.","",403,"uk"
"https://www.etsy.com/uk/listing/632372469/hand-printed-skim-is-a-scam-t-shirt","Hand Printed skim is a Scam T-shirt - Etsy UK","This Gender-Neutral Adult <strong>T</strong>-<strong>shirts</strong> item by SurdistDesigns has 21 favorites from Etsy shoppers. Ships from United States. Listed on 21 Aug, 2023","",403,"uk"
"https://www.etsy.com/uk/listing/268423123/ew-people-t-shirt-tee-hipster-t-shirts","Ew People t-shirt tee // hipster t-shirts / hipster clothing / | Etsy","Find the perfect handmade gift, vintage &amp; on-trend clothes, unique jewellery, and more… lots more.","",403,"uk"
"https://www.etsy.com/uk/listing/994721141/pelican-town-t-shirt-stardew-valley-tee","Pelican Town T-shirt Stardew Valley Tee College Style Stardew Valley Stardew Valley Gift - Etsy UK","This Gender-Neutral Adult <strong>T</strong>-<strong>shirts</strong> item by NaturalTwentyApparel has <strong>403</strong> favorites from Etsy shoppers. Ships from United States. Listed on 01 Apr, 2024","",403,"uk"
"https://www.etsy.com/uk/listing/631748562/error-404-costume-not-found-t-shirt-this","Error 404 Costume Not Found T Shirt This is My Costume - Etsy UK","This Gender-Neutral Adult <strong>T</strong>-<strong>shirts</strong> item by GivoShirts has 28 favorites from Etsy shoppers. Ships from United States. Listed on 08 Jul, 2023","",403,"uk"
"https://www.etsy.com/ie/listing/739157154/battle-angel-99-anime-cyberpunk-unisex-t","Battle Angel 99 Anime Cyberpunk Unisex T-shirt - Etsy Ireland","This Gender-Neutral Adult <strong>T</strong>-<strong>shirts</strong> item by IkigaiDreamscape has 60 favorites from Etsy shoppers. Ships from United States. Listed on 12 Mar, 2023","",399,"ie"
"https://www.etsy.com/ie/listing/210492255/t-shirts-for-submissives-20","T-shirts for Submissives 20 - Etsy Ireland","Find the perfect handmade gift, vintage &amp; on-trend clothes, unique jewellery, and more… lots more.","",399,"ie"
"https://www.etsy.com/ie/listing/654808127/funny-football-shirt-show-me-your-touch","Funny Football Shirt Show Me Your Touch Down Shirt - Etsy Ireland","This Gender-Neutral Adult Graphic Tees item by PopularTeez has 48 favorites from Etsy shoppers. Ships from United States. Listed on 29 Aug, 2022","",399,"ie"
"https://www.etsy.com/ie/listing/551269432/the-ninong-shirt","The Ninong Shirt - Etsy Ireland","This Mens <strong>T</strong>-<strong>Shirts</strong> item by ThePressBrand has 97 favorites from Etsy shoppers. Ships from United States. Listed on 14 Jan, 2024","",399,"ie"
"https://www.etsy.com/ie/listing/768598616/jesus-was-a-radical-socialist-t-shirt","Etsy Ireland - Shop for handmade, vintage, custom, and unique gifts ...","Shop Etsy Ireland. Find handmade gifts, vintage &amp; on-trend clothes, unique jewellery, and more.","",399,"ie"
"https://www.etsy.com/ie/listing/867763400/i-am-a-mom-against-cat-boys-tshirt","I Am a Mom Against Cat Boys Tshirt - Etsy Ireland","This Gender-Neutral Adult <strong>T</strong>-<strong>shirts</strong> item by XxTEEDESIGNSxX has <strong>400</strong> favorites from Etsy shoppers. Ships from United States. Listed on 14 Sep, 2023","",400,"ie"
"https://www.etsy.com/ie/listing/210492255/t-shirts-for-submissives-20","T-shirts for Submissives 20 - Etsy Ireland","Find the perfect handmade gift, vintage &amp; on-trend clothes, unique jewellery, and more… lots more.","",400,"ie"
"https://www.etsy.com/ie/listing/793535463/the-magic-tap-unisex-cotton-t-shirt","Etsy Ireland - Shop for handmade, vintage, custom, and unique gifts ...","Shop Etsy Ireland. Find handmade gifts, vintage &amp; on-trend clothes, unique jewellery, and more.","",400,"ie"
"https://www.etsy.com/ie/listing/654808127/funny-football-shirt-show-me-your-touch","Funny Football Shirt Show Me Your Touch Down Shirt - Etsy Ireland","This Gender-Neutral Adult Graphic Tees item by PopularTeez has 48 favorites from Etsy shoppers. Ships from United States. Listed on 29 Aug, 2022","",400,"ie"
"https://www.etsy.com/ie/listing/538009413/1000-t-shirt-keywords-for-etsy-seo-top","1000 T-shirt Keywords for Etsy SEO Top Etsy Keywords - Etsy Ireland","In this list, you will get 1,000+ keywords related to the most popular <strong>t</strong>-<strong>shirt</strong> products! These are keywords that are actually used by buyers. So, youll know what theyre searching for, and what you should title your product listing. After you have made your purchase, click the Download button on","",400,"ie"
"https://www.etsy.com/ie/listing/1109745787/misfits-middle-fingers-t-shirt","Misfits Middle Fingers T-shirt - Etsy Ireland","This Gender-Neutral Adult Graphic Tees item by BehindTheSleeves has <strong>401</strong> favorites from Etsy shoppers. Ships from United States. Listed on 09 Mar, 2023","",401,"ie"
"https://www.etsy.com/ie/listing/210492255/t-shirts-for-submissives-20","T-shirts for Submissives 20 - Etsy Ireland","Find the perfect handmade gift, vintage &amp; on-trend clothes, unique jewellery, and more… lots more.","",401,"ie"
"https://www.etsy.com/ie/listing/449253582/steely-dad-steely-dan-dad-rock-parody-t","Steely Dad Steely Dan Dad Rock Parody T Shirt Small | Etsy","Find the perfect handmade gift, vintage &amp; on-trend clothes, unique jewellery, and more… lots more.","",401,"ie"
"https://www.etsy.com/ie/listing/793535463/the-magic-tap-unisex-cotton-t-shirt","Etsy Ireland - Shop for handmade, vintage, custom, and unique gifts ...","Shop Etsy Ireland. Find handmade gifts, vintage &amp; on-trend clothes, unique jewellery, and more.","",401,"ie"
"https://www.etsy.com/ie/listing/657245555/funny-christmas-shirts-matching","Funny Christmas Shirts Matching Christmas T-shirts Pizza - Etsy","Find the perfect handmade gift, vintage &amp; on-trend clothes, unique jewellery, and more… lots more.","",401,"ie"
"https://www.etsy.com/ie/listing/210492255/t-shirts-for-submissives-20","T-shirts for Submissives 20 - Etsy Ireland","Find the perfect handmade gift, vintage &amp; on-trend clothes, unique jewellery, and more… lots more.","",402,"ie"
"https://www.etsy.com/ie/listing/449253582/steely-dad-steely-dan-dad-rock-parody-t","Steely Dad Steely Dan Dad Rock Parody T Shirt Small | Etsy","Find the perfect handmade gift, vintage &amp; on-trend clothes, unique jewellery, and more… lots more.","",402,"ie"
"https://www.etsy.com/ie/listing/960358240/devil-nikaido-tee-dorohedoro","DEVIL NIKAIDO Tee DOROHEDORO - Etsy Ireland","This Gender-Neutral Adult <strong>T</strong>-<strong>shirts</strong> item by eelsandco has 414 favorites from Etsy shoppers. Ships from United States. Listed on 22 Jan, 2024","",402,"ie"
"https://www.etsy.com/ie/listing/657245555/funny-christmas-shirts-matching","Funny Christmas Shirts Matching Christmas T-shirts Pizza - Etsy","Find the perfect handmade gift, vintage &amp; on-trend clothes, unique jewellery, and more… lots more.","",402,"ie"
"https://www.etsy.com/ie/listing/624746243/family-vacation-summer-vacation-shirts","This item is unavailable - Etsy","Find the perfect handmade gift, vintage &amp; on-trend clothes, unique jewellery, and more… lots more.","",402,"ie"
"https://www.etsy.com/ie/listing/1045796312/onlyfans-turkey-fan-turkey-hunting-tee","Onlyfans Turkey Fan Turkey Hunting Tee - Etsy Ireland","This Gender-Neutral Adult Graphic Tees item by CookieandPearl has <strong>403</strong> favorites from Etsy shoppers. Ships from United States. Listed on 14 Apr, 2024","",403,"ie"
"https://www.etsy.com/ie/listing/210492255/t-shirts-for-submissives-20","T-shirts for Submissives 20 - Etsy Ireland","Find the perfect handmade gift, vintage &amp; on-trend clothes, unique jewellery, and more… lots more.","",403,"ie"
"https://www.etsy.com/ie/listing/654808127/funny-football-shirt-show-me-your-touch","Funny Football Shirt Show Me Your Touch Down Shirt - Etsy Ireland","This Gender-Neutral Adult Graphic Tees item by PopularTeez has 48 favorites from Etsy shoppers. Ships from United States. Listed on 29 Aug, 2022","",403,"ie"
"https://www.etsy.com/ie/listing/994002907/error-404-costume-not-found-t-shirt","Error 404 Costume Not Found T-shirt Funny Halloween Costume - Etsy Ireland","This Gender-Neutral Adult <strong>T</strong>-<strong>shirts</strong> item by PandaGiftsUK has 6 favorites from Etsy shoppers. Ships from United Kingdom. Listed on 24 Feb, 2023","",403,"ie"
"https://www.etsy.com/ie/listing/768598616/jesus-was-a-radical-socialist-t-shirt","Etsy Ireland - Shop for handmade, vintage, custom, and unique gifts ...","Shop Etsy Ireland. Find handmade gifts, vintage &amp; on-trend clothes, unique jewellery, and more.","",403,"ie"